-- phpMyAdmin SQL Dump
-- version 5.1.3
-- https://www.phpmyadmin.net/
--
-- Host: 127.0.0.1
-- Generation Time: Dec 21, 2022 at 10:59 PM
-- Server version: 10.4.22-MariaDB
-- PHP Version: 7.4.28

SET SQL_MODE = "NO_AUTO_VALUE_ON_ZERO";
START TRANSACTION;
SET time_zone = "+00:00";


/*!40101 SET @OLD_CHARACTER_SET_CLIENT=@@CHARACTER_SET_CLIENT */;
/*!40101 SET @OLD_CHARACTER_SET_RESULTS=@@CHARACTER_SET_RESULTS */;
/*!40101 SET @OLD_COLLATION_CONNECTION=@@COLLATION_CONNECTION */;
/*!40101 SET NAMES utf8mb4 */;

--
-- Database: `excel`
--

-- --------------------------------------------------------

--
-- Table structure for table `columns`
--

CREATE TABLE `columns` (
  `id` int(11) NOT NULL,
  `name` varchar(255) DEFAULT NULL,
  `created_at` timestamp NOT NULL DEFAULT current_timestamp(),
  `updated_at` timestamp NOT NULL DEFAULT current_timestamp(),
  `file_id` int(11) DEFAULT NULL
) ENGINE=InnoDB DEFAULT CHARSET=utf8mb4;

--
-- Dumping data for table `columns`
--

INSERT INTO `columns` (`id`, `name`, `created_at`, `updated_at`, `file_id`) VALUES
(1, 'Name', '2022-12-21 15:49:05', '2022-12-21 15:49:05', 1),
(2, 'Roll Number', '2022-12-21 15:49:05', '2022-12-21 15:49:05', 1),
(3, 'Class', '2022-12-21 15:49:05', '2022-12-21 15:49:05', 1),
(4, 'Department', '2022-12-21 15:49:05', '2022-12-21 15:49:05', 1),
(5, 'Title', '2022-12-21 15:49:05', '2022-12-21 15:49:05', 1),
(6, 'Name', '2022-12-21 15:51:57', '2022-12-21 15:51:57', 2),
(7, 'Roll Number', '2022-12-21 15:51:57', '2022-12-21 15:51:57', 2),
(8, 'Class', '2022-12-21 15:51:57', '2022-12-21 15:51:57', 2),
(9, 'Department', '2022-12-21 15:51:57', '2022-12-21 15:51:57', 2),
(10, 'Title', '2022-12-21 15:51:57', '2022-12-21 15:51:57', 2),
(11, 'Name', '2022-12-21 15:53:32', '2022-12-21 15:53:32', 3),
(12, 'Roll Number', '2022-12-21 15:53:32', '2022-12-21 15:53:32', 3),
(13, 'Class', '2022-12-21 15:53:32', '2022-12-21 15:53:32', 3),
(14, 'Department', '2022-12-21 15:53:32', '2022-12-21 15:53:32', 3),
(15, 'Title', '2022-12-21 15:53:32', '2022-12-21 15:53:32', 3);

-- --------------------------------------------------------

--
-- Table structure for table `column_values`
--

CREATE TABLE `column_values` (
  `id` int(11) NOT NULL,
  `name` varchar(255) DEFAULT NULL,
  `column_id` int(11) DEFAULT NULL,
  `created_at` timestamp NOT NULL DEFAULT current_timestamp(),
  `updated_at` timestamp NOT NULL DEFAULT current_timestamp()
) ENGINE=InnoDB DEFAULT CHARSET=utf8mb4;

--
-- Dumping data for table `column_values`
--

INSERT INTO `column_values` (`id`, `name`, `column_id`, `created_at`, `updated_at`) VALUES
(1, 'A', 1, '2022-12-21 15:49:05', '2022-12-21 15:49:05'),
(2, 'B', 2, '2022-12-21 15:49:05', '2022-12-21 15:49:05'),
(3, 'C', 3, '2022-12-21 15:49:05', '2022-12-21 15:49:05'),
(4, 'D', 4, '2022-12-21 15:49:05', '2022-12-21 15:49:05'),
(5, 'T', 5, '2022-12-21 15:49:05', '2022-12-21 15:49:05'),
(6, 'A', 1, '2022-12-21 15:49:05', '2022-12-21 15:49:05'),
(7, 'B', 2, '2022-12-21 15:49:05', '2022-12-21 15:49:05'),
(8, 'C', 3, '2022-12-21 15:49:05', '2022-12-21 15:49:05'),
(9, NULL, 4, '2022-12-21 15:49:05', '2022-12-21 15:49:05'),
(10, 'T', 5, '2022-12-21 15:49:05', '2022-12-21 15:49:05'),
(11, 'A', 1, '2022-12-21 15:49:05', '2022-12-21 15:49:05'),
(12, 'B', 2, '2022-12-21 15:49:05', '2022-12-21 15:49:05'),
(13, 'C', 3, '2022-12-21 15:49:05', '2022-12-21 15:49:05'),
(14, NULL, 4, '2022-12-21 15:49:05', '2022-12-21 15:49:05'),
(15, 'T', 5, '2022-12-21 15:49:05', '2022-12-21 15:49:05'),
(16, 'A', 1, '2022-12-21 15:49:05', '2022-12-21 15:49:05'),
(17, 'B', 2, '2022-12-21 15:49:05', '2022-12-21 15:49:05'),
(18, 'C', 3, '2022-12-21 15:49:05', '2022-12-21 15:49:05'),
(19, NULL, 4, '2022-12-21 15:49:05', '2022-12-21 15:49:05'),
(20, 'T', 5, '2022-12-21 15:49:05', '2022-12-21 15:49:05'),
(21, 'A', 1, '2022-12-21 15:49:05', '2022-12-21 15:49:05'),
(22, 'B', 2, '2022-12-21 15:49:05', '2022-12-21 15:49:05'),
(23, 'C', 3, '2022-12-21 15:49:05', '2022-12-21 15:49:05'),
(24, NULL, 4, '2022-12-21 15:49:05', '2022-12-21 15:49:05'),
(25, 'T', 5, '2022-12-21 15:49:05', '2022-12-21 15:49:05'),
(26, 'A', 1, '2022-12-21 15:49:05', '2022-12-21 15:49:05'),
(27, 'B', 2, '2022-12-21 15:49:05', '2022-12-21 15:49:05'),
(28, 'C', 3, '2022-12-21 15:49:05', '2022-12-21 15:49:05'),
(29, NULL, 4, '2022-12-21 15:49:05', '2022-12-21 15:49:05'),
(30, 'T', 5, '2022-12-21 15:49:05', '2022-12-21 15:49:05'),
(31, 'A', 1, '2022-12-21 15:49:05', '2022-12-21 15:49:05'),
(32, 'B', 2, '2022-12-21 15:49:05', '2022-12-21 15:49:05'),
(33, 'C', 3, '2022-12-21 15:49:05', '2022-12-21 15:49:05'),
(34, NULL, 4, '2022-12-21 15:49:05', '2022-12-21 15:49:05'),
(35, 'T', 5, '2022-12-21 15:49:05', '2022-12-21 15:49:05'),
(36, 'A', 1, '2022-12-21 15:49:05', '2022-12-21 15:49:05'),
(37, 'B', 2, '2022-12-21 15:49:05', '2022-12-21 15:49:05'),
(38, 'C', 3, '2022-12-21 15:49:05', '2022-12-21 15:49:05'),
(39, NULL, 4, '2022-12-21 15:49:05', '2022-12-21 15:49:05'),
(40, 'T', 5, '2022-12-21 15:49:05', '2022-12-21 15:49:05'),
(41, 'A', 1, '2022-12-21 15:49:05', '2022-12-21 15:49:05'),
(42, 'B', 2, '2022-12-21 15:49:05', '2022-12-21 15:49:05'),
(43, 'C', 3, '2022-12-21 15:49:05', '2022-12-21 15:49:05'),
(44, NULL, 4, '2022-12-21 15:49:05', '2022-12-21 15:49:05'),
(45, NULL, 5, '2022-12-21 15:49:05', '2022-12-21 15:49:05'),
(46, 'A', 1, '2022-12-21 15:49:05', '2022-12-21 15:49:05'),
(47, 'B', 2, '2022-12-21 15:49:05', '2022-12-21 15:49:05'),
(48, 'C', 3, '2022-12-21 15:49:05', '2022-12-21 15:49:05'),
(49, NULL, 4, '2022-12-21 15:49:05', '2022-12-21 15:49:05'),
(50, NULL, 5, '2022-12-21 15:49:05', '2022-12-21 15:49:05'),
(51, 'A', 1, '2022-12-21 15:49:05', '2022-12-21 15:49:05'),
(52, 'B', 2, '2022-12-21 15:49:05', '2022-12-21 15:49:05'),
(53, 'C', 3, '2022-12-21 15:49:05', '2022-12-21 15:49:05'),
(54, NULL, 4, '2022-12-21 15:49:05', '2022-12-21 15:49:05'),
(55, NULL, 5, '2022-12-21 15:49:05', '2022-12-21 15:49:05'),
(56, 'A', 1, '2022-12-21 15:49:05', '2022-12-21 15:49:05'),
(57, 'B', 2, '2022-12-21 15:49:05', '2022-12-21 15:49:05'),
(58, 'C', 3, '2022-12-21 15:49:05', '2022-12-21 15:49:05'),
(59, NULL, 4, '2022-12-21 15:49:05', '2022-12-21 15:49:05'),
(60, NULL, 5, '2022-12-21 15:49:05', '2022-12-21 15:49:05'),
(61, 'A', 1, '2022-12-21 15:49:05', '2022-12-21 15:49:05'),
(62, NULL, 2, '2022-12-21 15:49:05', '2022-12-21 15:49:05'),
(63, 'C', 3, '2022-12-21 15:49:05', '2022-12-21 15:49:05'),
(64, NULL, 4, '2022-12-21 15:49:05', '2022-12-21 15:49:05'),
(65, NULL, 5, '2022-12-21 15:49:05', '2022-12-21 15:49:05'),
(66, 'A', 1, '2022-12-21 15:49:05', '2022-12-21 15:49:05'),
(67, NULL, 2, '2022-12-21 15:49:05', '2022-12-21 15:49:05'),
(68, 'C', 3, '2022-12-21 15:49:05', '2022-12-21 15:49:05'),
(69, NULL, 4, '2022-12-21 15:49:05', '2022-12-21 15:49:05'),
(70, NULL, 5, '2022-12-21 15:49:05', '2022-12-21 15:49:05'),
(71, 'A', 1, '2022-12-21 15:49:05', '2022-12-21 15:49:05'),
(72, NULL, 2, '2022-12-21 15:49:05', '2022-12-21 15:49:05'),
(73, 'C', 3, '2022-12-21 15:49:05', '2022-12-21 15:49:05'),
(74, NULL, 4, '2022-12-21 15:49:05', '2022-12-21 15:49:05'),
(75, NULL, 5, '2022-12-21 15:49:05', '2022-12-21 15:49:05'),
(76, 'A', 1, '2022-12-21 15:49:05', '2022-12-21 15:49:05'),
(77, NULL, 2, '2022-12-21 15:49:05', '2022-12-21 15:49:05'),
(78, 'C', 3, '2022-12-21 15:49:05', '2022-12-21 15:49:05'),
(79, NULL, 4, '2022-12-21 15:49:05', '2022-12-21 15:49:05'),
(80, NULL, 5, '2022-12-21 15:49:05', '2022-12-21 15:49:05'),
(81, 'A', 1, '2022-12-21 15:49:05', '2022-12-21 15:49:05'),
(82, NULL, 2, '2022-12-21 15:49:05', '2022-12-21 15:49:05'),
(83, 'C', 3, '2022-12-21 15:49:05', '2022-12-21 15:49:05'),
(84, NULL, 4, '2022-12-21 15:49:05', '2022-12-21 15:49:05'),
(85, NULL, 5, '2022-12-21 15:49:05', '2022-12-21 15:49:05'),
(86, 'A', 1, '2022-12-21 15:49:05', '2022-12-21 15:49:05'),
(87, NULL, 2, '2022-12-21 15:49:05', '2022-12-21 15:49:05'),
(88, 'C', 3, '2022-12-21 15:49:05', '2022-12-21 15:49:05'),
(89, NULL, 4, '2022-12-21 15:49:05', '2022-12-21 15:49:05'),
(90, NULL, 5, '2022-12-21 15:49:05', '2022-12-21 15:49:05'),
(91, 'A', 1, '2022-12-21 15:49:05', '2022-12-21 15:49:05'),
(92, NULL, 2, '2022-12-21 15:49:05', '2022-12-21 15:49:05'),
(93, 'C', 3, '2022-12-21 15:49:05', '2022-12-21 15:49:05'),
(94, NULL, 4, '2022-12-21 15:49:05', '2022-12-21 15:49:05'),
(95, NULL, 5, '2022-12-21 15:49:05', '2022-12-21 15:49:05'),
(96, 'A', 1, '2022-12-21 15:49:05', '2022-12-21 15:49:05'),
(97, NULL, 2, '2022-12-21 15:49:05', '2022-12-21 15:49:05'),
(98, 'C', 3, '2022-12-21 15:49:05', '2022-12-21 15:49:05'),
(99, NULL, 4, '2022-12-21 15:49:05', '2022-12-21 15:49:05'),
(100, NULL, 5, '2022-12-21 15:49:05', '2022-12-21 15:49:05'),
(101, NULL, 1, '2022-12-21 15:49:05', '2022-12-21 15:49:05'),
(102, NULL, 2, '2022-12-21 15:49:05', '2022-12-21 15:49:05'),
(103, 'C', 3, '2022-12-21 15:49:05', '2022-12-21 15:49:05'),
(104, NULL, 4, '2022-12-21 15:49:05', '2022-12-21 15:49:05'),
(105, NULL, 5, '2022-12-21 15:49:05', '2022-12-21 15:49:05'),
(106, NULL, 1, '2022-12-21 15:49:05', '2022-12-21 15:49:05'),
(107, NULL, 2, '2022-12-21 15:49:05', '2022-12-21 15:49:05'),
(108, 'C', 3, '2022-12-21 15:49:05', '2022-12-21 15:49:05'),
(109, NULL, 4, '2022-12-21 15:49:05', '2022-12-21 15:49:05'),
(110, NULL, 5, '2022-12-21 15:49:05', '2022-12-21 15:49:05'),
(111, NULL, 1, '2022-12-21 15:49:05', '2022-12-21 15:49:05'),
(112, NULL, 2, '2022-12-21 15:49:05', '2022-12-21 15:49:05'),
(113, 'C', 3, '2022-12-21 15:49:05', '2022-12-21 15:49:05'),
(114, NULL, 4, '2022-12-21 15:49:05', '2022-12-21 15:49:05'),
(115, NULL, 5, '2022-12-21 15:49:05', '2022-12-21 15:49:05'),
(116, NULL, 1, '2022-12-21 15:49:05', '2022-12-21 15:49:05'),
(117, NULL, 2, '2022-12-21 15:49:05', '2022-12-21 15:49:05'),
(118, 'C', 3, '2022-12-21 15:49:05', '2022-12-21 15:49:05'),
(119, NULL, 4, '2022-12-21 15:49:05', '2022-12-21 15:49:05'),
(120, NULL, 5, '2022-12-21 15:49:05', '2022-12-21 15:49:05'),
(121, NULL, 1, '2022-12-21 15:49:05', '2022-12-21 15:49:05'),
(122, NULL, 2, '2022-12-21 15:49:05', '2022-12-21 15:49:05'),
(123, 'C', 3, '2022-12-21 15:49:05', '2022-12-21 15:49:05'),
(124, NULL, 4, '2022-12-21 15:49:05', '2022-12-21 15:49:05'),
(125, NULL, 5, '2022-12-21 15:49:05', '2022-12-21 15:49:05'),
(126, NULL, 1, '2022-12-21 15:49:05', '2022-12-21 15:49:05'),
(127, NULL, 2, '2022-12-21 15:49:05', '2022-12-21 15:49:05'),
(128, 'C', 3, '2022-12-21 15:49:05', '2022-12-21 15:49:05'),
(129, NULL, 4, '2022-12-21 15:49:05', '2022-12-21 15:49:05'),
(130, NULL, 5, '2022-12-21 15:49:05', '2022-12-21 15:49:05'),
(131, NULL, 1, '2022-12-21 15:49:05', '2022-12-21 15:49:05'),
(132, NULL, 2, '2022-12-21 15:49:05', '2022-12-21 15:49:05'),
(133, 'C', 3, '2022-12-21 15:49:05', '2022-12-21 15:49:05'),
(134, NULL, 4, '2022-12-21 15:49:05', '2022-12-21 15:49:05'),
(135, NULL, 5, '2022-12-21 15:49:05', '2022-12-21 15:49:05'),
(136, NULL, 1, '2022-12-21 15:49:05', '2022-12-21 15:49:05'),
(137, NULL, 2, '2022-12-21 15:49:05', '2022-12-21 15:49:05'),
(138, 'C', 3, '2022-12-21 15:49:05', '2022-12-21 15:49:05'),
(139, NULL, 4, '2022-12-21 15:49:05', '2022-12-21 15:49:05'),
(140, NULL, 5, '2022-12-21 15:49:05', '2022-12-21 15:49:05'),
(141, 'A', 6, '2022-12-21 15:51:57', '2022-12-21 15:51:57'),
(142, 'B', 7, '2022-12-21 15:51:57', '2022-12-21 15:51:57'),
(143, 'C', 8, '2022-12-21 15:51:57', '2022-12-21 15:51:57'),
(144, 'D', 9, '2022-12-21 15:51:57', '2022-12-21 15:51:57'),
(145, 'T', 10, '2022-12-21 15:51:57', '2022-12-21 15:51:57'),
(146, 'A', 6, '2022-12-21 15:51:57', '2022-12-21 15:51:57'),
(147, 'B', 7, '2022-12-21 15:51:57', '2022-12-21 15:51:57'),
(148, 'C', 8, '2022-12-21 15:51:57', '2022-12-21 15:51:57'),
(149, NULL, 9, '2022-12-21 15:51:57', '2022-12-21 15:51:57'),
(150, 'T', 10, '2022-12-21 15:51:57', '2022-12-21 15:51:57'),
(151, 'A', 6, '2022-12-21 15:51:57', '2022-12-21 15:51:57'),
(152, 'B', 7, '2022-12-21 15:51:57', '2022-12-21 15:51:57'),
(153, 'C', 8, '2022-12-21 15:51:57', '2022-12-21 15:51:57'),
(154, NULL, 9, '2022-12-21 15:51:57', '2022-12-21 15:51:57'),
(155, 'T', 10, '2022-12-21 15:51:57', '2022-12-21 15:51:57'),
(156, 'A', 6, '2022-12-21 15:51:57', '2022-12-21 15:51:57'),
(157, 'B', 7, '2022-12-21 15:51:57', '2022-12-21 15:51:57'),
(158, 'C', 8, '2022-12-21 15:51:57', '2022-12-21 15:51:57'),
(159, NULL, 9, '2022-12-21 15:51:57', '2022-12-21 15:51:57'),
(160, 'T', 10, '2022-12-21 15:51:57', '2022-12-21 15:51:57'),
(161, 'A', 6, '2022-12-21 15:51:57', '2022-12-21 15:51:57'),
(162, 'B', 7, '2022-12-21 15:51:57', '2022-12-21 15:51:57'),
(163, 'C', 8, '2022-12-21 15:51:57', '2022-12-21 15:51:57'),
(164, NULL, 9, '2022-12-21 15:51:57', '2022-12-21 15:51:57'),
(165, 'T', 10, '2022-12-21 15:51:57', '2022-12-21 15:51:57'),
(166, 'A', 6, '2022-12-21 15:51:57', '2022-12-21 15:51:57'),
(167, 'B', 7, '2022-12-21 15:51:57', '2022-12-21 15:51:57'),
(168, 'C', 8, '2022-12-21 15:51:57', '2022-12-21 15:51:57'),
(169, NULL, 9, '2022-12-21 15:51:57', '2022-12-21 15:51:57'),
(170, 'T', 10, '2022-12-21 15:51:57', '2022-12-21 15:51:57'),
(171, 'A', 6, '2022-12-21 15:51:57', '2022-12-21 15:51:57'),
(172, 'B', 7, '2022-12-21 15:51:57', '2022-12-21 15:51:57'),
(173, 'C', 8, '2022-12-21 15:51:57', '2022-12-21 15:51:57'),
(174, NULL, 9, '2022-12-21 15:51:57', '2022-12-21 15:51:57'),
(175, 'T', 10, '2022-12-21 15:51:57', '2022-12-21 15:51:57'),
(176, 'A', 6, '2022-12-21 15:51:57', '2022-12-21 15:51:57'),
(177, 'B', 7, '2022-12-21 15:51:57', '2022-12-21 15:51:57'),
(178, 'C', 8, '2022-12-21 15:51:57', '2022-12-21 15:51:57'),
(179, NULL, 9, '2022-12-21 15:51:57', '2022-12-21 15:51:57'),
(180, 'T', 10, '2022-12-21 15:51:57', '2022-12-21 15:51:57'),
(181, 'A', 6, '2022-12-21 15:51:57', '2022-12-21 15:51:57'),
(182, 'B', 7, '2022-12-21 15:51:57', '2022-12-21 15:51:57'),
(183, 'C', 8, '2022-12-21 15:51:57', '2022-12-21 15:51:57'),
(184, NULL, 9, '2022-12-21 15:51:57', '2022-12-21 15:51:57'),
(185, NULL, 10, '2022-12-21 15:51:57', '2022-12-21 15:51:57'),
(186, 'A', 6, '2022-12-21 15:51:57', '2022-12-21 15:51:57'),
(187, 'B', 7, '2022-12-21 15:51:57', '2022-12-21 15:51:57'),
(188, 'C', 8, '2022-12-21 15:51:57', '2022-12-21 15:51:57'),
(189, NULL, 9, '2022-12-21 15:51:57', '2022-12-21 15:51:57'),
(190, NULL, 10, '2022-12-21 15:51:57', '2022-12-21 15:51:57'),
(191, 'A', 6, '2022-12-21 15:51:57', '2022-12-21 15:51:57'),
(192, 'B', 7, '2022-12-21 15:51:57', '2022-12-21 15:51:57'),
(193, 'C', 8, '2022-12-21 15:51:57', '2022-12-21 15:51:57'),
(194, NULL, 9, '2022-12-21 15:51:57', '2022-12-21 15:51:57'),
(195, NULL, 10, '2022-12-21 15:51:57', '2022-12-21 15:51:57'),
(196, 'A', 6, '2022-12-21 15:51:57', '2022-12-21 15:51:57'),
(197, 'B', 7, '2022-12-21 15:51:57', '2022-12-21 15:51:57'),
(198, 'C', 8, '2022-12-21 15:51:57', '2022-12-21 15:51:57'),
(199, NULL, 9, '2022-12-21 15:51:57', '2022-12-21 15:51:57'),
(200, NULL, 10, '2022-12-21 15:51:57', '2022-12-21 15:51:57'),
(201, 'A', 6, '2022-12-21 15:51:57', '2022-12-21 15:51:57'),
(202, NULL, 7, '2022-12-21 15:51:57', '2022-12-21 15:51:57'),
(203, 'C', 8, '2022-12-21 15:51:57', '2022-12-21 15:51:57'),
(204, NULL, 9, '2022-12-21 15:51:57', '2022-12-21 15:51:57'),
(205, NULL, 10, '2022-12-21 15:51:57', '2022-12-21 15:51:57'),
(206, 'A', 6, '2022-12-21 15:51:57', '2022-12-21 15:51:57'),
(207, NULL, 7, '2022-12-21 15:51:57', '2022-12-21 15:51:57'),
(208, 'C', 8, '2022-12-21 15:51:57', '2022-12-21 15:51:57'),
(209, NULL, 9, '2022-12-21 15:51:57', '2022-12-21 15:51:57'),
(210, NULL, 10, '2022-12-21 15:51:57', '2022-12-21 15:51:57'),
(211, 'A', 6, '2022-12-21 15:51:57', '2022-12-21 15:51:57'),
(212, NULL, 7, '2022-12-21 15:51:57', '2022-12-21 15:51:57'),
(213, 'C', 8, '2022-12-21 15:51:57', '2022-12-21 15:51:57'),
(214, NULL, 9, '2022-12-21 15:51:57', '2022-12-21 15:51:57'),
(215, NULL, 10, '2022-12-21 15:51:57', '2022-12-21 15:51:57'),
(216, 'A', 6, '2022-12-21 15:51:57', '2022-12-21 15:51:57'),
(217, NULL, 7, '2022-12-21 15:51:57', '2022-12-21 15:51:57'),
(218, 'C', 8, '2022-12-21 15:51:57', '2022-12-21 15:51:57'),
(219, NULL, 9, '2022-12-21 15:51:57', '2022-12-21 15:51:57'),
(220, NULL, 10, '2022-12-21 15:51:57', '2022-12-21 15:51:57'),
(221, 'A', 6, '2022-12-21 15:51:57', '2022-12-21 15:51:57'),
(222, NULL, 7, '2022-12-21 15:51:57', '2022-12-21 15:51:57'),
(223, 'C', 8, '2022-12-21 15:51:57', '2022-12-21 15:51:57'),
(224, NULL, 9, '2022-12-21 15:51:57', '2022-12-21 15:51:57'),
(225, NULL, 10, '2022-12-21 15:51:57', '2022-12-21 15:51:57'),
(226, 'A', 6, '2022-12-21 15:51:57', '2022-12-21 15:51:57'),
(227, NULL, 7, '2022-12-21 15:51:57', '2022-12-21 15:51:57'),
(228, 'C', 8, '2022-12-21 15:51:57', '2022-12-21 15:51:57'),
(229, NULL, 9, '2022-12-21 15:51:57', '2022-12-21 15:51:57'),
(230, NULL, 10, '2022-12-21 15:51:57', '2022-12-21 15:51:57'),
(231, 'A', 6, '2022-12-21 15:51:57', '2022-12-21 15:51:57'),
(232, NULL, 7, '2022-12-21 15:51:57', '2022-12-21 15:51:57'),
(233, 'C', 8, '2022-12-21 15:51:57', '2022-12-21 15:51:57'),
(234, NULL, 9, '2022-12-21 15:51:57', '2022-12-21 15:51:57'),
(235, NULL, 10, '2022-12-21 15:51:57', '2022-12-21 15:51:57'),
(236, 'A', 6, '2022-12-21 15:51:57', '2022-12-21 15:51:57'),
(237, NULL, 7, '2022-12-21 15:51:57', '2022-12-21 15:51:57'),
(238, 'C', 8, '2022-12-21 15:51:57', '2022-12-21 15:51:57'),
(239, NULL, 9, '2022-12-21 15:51:57', '2022-12-21 15:51:57'),
(240, NULL, 10, '2022-12-21 15:51:57', '2022-12-21 15:51:57'),
(241, NULL, 6, '2022-12-21 15:51:57', '2022-12-21 15:51:57'),
(242, NULL, 7, '2022-12-21 15:51:57', '2022-12-21 15:51:57'),
(243, 'C', 8, '2022-12-21 15:51:57', '2022-12-21 15:51:57'),
(244, NULL, 9, '2022-12-21 15:51:57', '2022-12-21 15:51:57'),
(245, NULL, 10, '2022-12-21 15:51:57', '2022-12-21 15:51:57'),
(246, NULL, 6, '2022-12-21 15:51:57', '2022-12-21 15:51:57'),
(247, NULL, 7, '2022-12-21 15:51:57', '2022-12-21 15:51:57'),
(248, 'C', 8, '2022-12-21 15:51:57', '2022-12-21 15:51:57'),
(249, NULL, 9, '2022-12-21 15:51:57', '2022-12-21 15:51:57'),
(250, NULL, 10, '2022-12-21 15:51:57', '2022-12-21 15:51:57'),
(251, NULL, 6, '2022-12-21 15:51:57', '2022-12-21 15:51:57'),
(252, NULL, 7, '2022-12-21 15:51:57', '2022-12-21 15:51:57'),
(253, 'C', 8, '2022-12-21 15:51:57', '2022-12-21 15:51:57'),
(254, NULL, 9, '2022-12-21 15:51:57', '2022-12-21 15:51:57'),
(255, NULL, 10, '2022-12-21 15:51:57', '2022-12-21 15:51:57'),
(256, NULL, 6, '2022-12-21 15:51:57', '2022-12-21 15:51:57'),
(257, NULL, 7, '2022-12-21 15:51:57', '2022-12-21 15:51:57'),
(258, 'C', 8, '2022-12-21 15:51:57', '2022-12-21 15:51:57'),
(259, NULL, 9, '2022-12-21 15:51:57', '2022-12-21 15:51:57'),
(260, NULL, 10, '2022-12-21 15:51:57', '2022-12-21 15:51:57'),
(261, NULL, 6, '2022-12-21 15:51:57', '2022-12-21 15:51:57'),
(262, NULL, 7, '2022-12-21 15:51:57', '2022-12-21 15:51:57'),
(263, 'C', 8, '2022-12-21 15:51:57', '2022-12-21 15:51:57'),
(264, NULL, 9, '2022-12-21 15:51:57', '2022-12-21 15:51:57'),
(265, NULL, 10, '2022-12-21 15:51:57', '2022-12-21 15:51:57'),
(266, NULL, 6, '2022-12-21 15:51:57', '2022-12-21 15:51:57'),
(267, NULL, 7, '2022-12-21 15:51:57', '2022-12-21 15:51:57'),
(268, 'C', 8, '2022-12-21 15:51:57', '2022-12-21 15:51:57'),
(269, NULL, 9, '2022-12-21 15:51:57', '2022-12-21 15:51:57'),
(270, NULL, 10, '2022-12-21 15:51:57', '2022-12-21 15:51:57'),
(271, NULL, 6, '2022-12-21 15:51:57', '2022-12-21 15:51:57'),
(272, NULL, 7, '2022-12-21 15:51:57', '2022-12-21 15:51:57'),
(273, 'C', 8, '2022-12-21 15:51:57', '2022-12-21 15:51:57'),
(274, NULL, 9, '2022-12-21 15:51:57', '2022-12-21 15:51:57'),
(275, NULL, 10, '2022-12-21 15:51:57', '2022-12-21 15:51:57'),
(276, NULL, 6, '2022-12-21 15:51:57', '2022-12-21 15:51:57'),
(277, NULL, 7, '2022-12-21 15:51:57', '2022-12-21 15:51:57'),
(278, 'C', 8, '2022-12-21 15:51:57', '2022-12-21 15:51:57'),
(279, NULL, 9, '2022-12-21 15:51:57', '2022-12-21 15:51:57'),
(280, NULL, 10, '2022-12-21 15:51:57', '2022-12-21 15:51:57'),
(281, 'A', 11, '2022-12-21 15:53:32', '2022-12-21 15:53:32'),
(282, 'B', 12, '2022-12-21 15:53:32', '2022-12-21 15:53:32'),
(283, 'C', 13, '2022-12-21 15:53:32', '2022-12-21 15:53:32'),
(284, 'D', 14, '2022-12-21 15:53:32', '2022-12-21 15:53:32'),
(285, 'T', 15, '2022-12-21 15:53:32', '2022-12-21 15:53:32'),
(286, 'A', 11, '2022-12-21 15:53:32', '2022-12-21 15:53:32'),
(287, 'B', 12, '2022-12-21 15:53:32', '2022-12-21 15:53:32'),
(288, 'C', 13, '2022-12-21 15:53:32', '2022-12-21 15:53:32'),
(289, NULL, 14, '2022-12-21 15:53:32', '2022-12-21 15:53:32'),
(290, 'T', 15, '2022-12-21 15:53:32', '2022-12-21 15:53:32'),
(291, 'A', 11, '2022-12-21 15:53:32', '2022-12-21 15:53:32'),
(292, 'B', 12, '2022-12-21 15:53:32', '2022-12-21 15:53:32'),
(293, 'C', 13, '2022-12-21 15:53:32', '2022-12-21 15:53:32'),
(294, NULL, 14, '2022-12-21 15:53:32', '2022-12-21 15:53:32'),
(295, 'T', 15, '2022-12-21 15:53:32', '2022-12-21 15:53:32'),
(296, 'A', 11, '2022-12-21 15:53:32', '2022-12-21 15:53:32'),
(297, 'B', 12, '2022-12-21 15:53:32', '2022-12-21 15:53:32'),
(298, 'C', 13, '2022-12-21 15:53:32', '2022-12-21 15:53:32'),
(299, NULL, 14, '2022-12-21 15:53:32', '2022-12-21 15:53:32'),
(300, 'T', 15, '2022-12-21 15:53:32', '2022-12-21 15:53:32'),
(301, 'A', 11, '2022-12-21 15:53:32', '2022-12-21 15:53:32'),
(302, 'B', 12, '2022-12-21 15:53:32', '2022-12-21 15:53:32'),
(303, 'C', 13, '2022-12-21 15:53:32', '2022-12-21 15:53:32'),
(304, NULL, 14, '2022-12-21 15:53:32', '2022-12-21 15:53:32'),
(305, 'T', 15, '2022-12-21 15:53:32', '2022-12-21 15:53:32'),
(306, 'A', 11, '2022-12-21 15:53:32', '2022-12-21 15:53:32'),
(307, 'B', 12, '2022-12-21 15:53:32', '2022-12-21 15:53:32'),
(308, 'C', 13, '2022-12-21 15:53:32', '2022-12-21 15:53:32'),
(309, NULL, 14, '2022-12-21 15:53:32', '2022-12-21 15:53:32'),
(310, 'T', 15, '2022-12-21 15:53:32', '2022-12-21 15:53:32'),
(311, 'A', 11, '2022-12-21 15:53:32', '2022-12-21 15:53:32'),
(312, 'B', 12, '2022-12-21 15:53:32', '2022-12-21 15:53:32'),
(313, 'C', 13, '2022-12-21 15:53:32', '2022-12-21 15:53:32'),
(314, NULL, 14, '2022-12-21 15:53:32', '2022-12-21 15:53:32'),
(315, 'T', 15, '2022-12-21 15:53:32', '2022-12-21 15:53:32'),
(316, 'A', 11, '2022-12-21 15:53:32', '2022-12-21 15:53:32'),
(317, 'B', 12, '2022-12-21 15:53:32', '2022-12-21 15:53:32'),
(318, 'C', 13, '2022-12-21 15:53:32', '2022-12-21 15:53:32'),
(319, NULL, 14, '2022-12-21 15:53:32', '2022-12-21 15:53:32'),
(320, 'T', 15, '2022-12-21 15:53:32', '2022-12-21 15:53:32'),
(321, 'A', 11, '2022-12-21 15:53:32', '2022-12-21 15:53:32'),
(322, 'B', 12, '2022-12-21 15:53:32', '2022-12-21 15:53:32'),
(323, 'C', 13, '2022-12-21 15:53:32', '2022-12-21 15:53:32'),
(324, NULL, 14, '2022-12-21 15:53:32', '2022-12-21 15:53:32'),
(325, NULL, 15, '2022-12-21 15:53:32', '2022-12-21 15:53:32'),
(326, 'A', 11, '2022-12-21 15:53:32', '2022-12-21 15:53:32'),
(327, 'B', 12, '2022-12-21 15:53:32', '2022-12-21 15:53:32'),
(328, 'C', 13, '2022-12-21 15:53:32', '2022-12-21 15:53:32'),
(329, NULL, 14, '2022-12-21 15:53:32', '2022-12-21 15:53:32'),
(330, NULL, 15, '2022-12-21 15:53:32', '2022-12-21 15:53:32'),
(331, 'A', 11, '2022-12-21 15:53:32', '2022-12-21 15:53:32'),
(332, 'B', 12, '2022-12-21 15:53:32', '2022-12-21 15:53:32'),
(333, 'C', 13, '2022-12-21 15:53:32', '2022-12-21 15:53:32'),
(334, NULL, 14, '2022-12-21 15:53:32', '2022-12-21 15:53:32'),
(335, NULL, 15, '2022-12-21 15:53:32', '2022-12-21 15:53:32'),
(336, 'A', 11, '2022-12-21 15:53:32', '2022-12-21 15:53:32'),
(337, 'B', 12, '2022-12-21 15:53:32', '2022-12-21 15:53:32'),
(338, 'C', 13, '2022-12-21 15:53:32', '2022-12-21 15:53:32'),
(339, NULL, 14, '2022-12-21 15:53:32', '2022-12-21 15:53:32'),
(340, NULL, 15, '2022-12-21 15:53:32', '2022-12-21 15:53:32'),
(341, 'A', 11, '2022-12-21 15:53:32', '2022-12-21 15:53:32'),
(342, NULL, 12, '2022-12-21 15:53:32', '2022-12-21 15:53:32'),
(343, 'C', 13, '2022-12-21 15:53:32', '2022-12-21 15:53:32'),
(344, NULL, 14, '2022-12-21 15:53:32', '2022-12-21 15:53:32'),
(345, NULL, 15, '2022-12-21 15:53:32', '2022-12-21 15:53:32'),
(346, 'A', 11, '2022-12-21 15:53:32', '2022-12-21 15:53:32'),
(347, NULL, 12, '2022-12-21 15:53:32', '2022-12-21 15:53:32'),
(348, 'C', 13, '2022-12-21 15:53:32', '2022-12-21 15:53:32'),
(349, NULL, 14, '2022-12-21 15:53:32', '2022-12-21 15:53:32'),
(350, NULL, 15, '2022-12-21 15:53:32', '2022-12-21 15:53:32'),
(351, 'A', 11, '2022-12-21 15:53:32', '2022-12-21 15:53:32'),
(352, NULL, 12, '2022-12-21 15:53:32', '2022-12-21 15:53:32'),
(353, 'C', 13, '2022-12-21 15:53:32', '2022-12-21 15:53:32'),
(354, NULL, 14, '2022-12-21 15:53:32', '2022-12-21 15:53:32'),
(355, NULL, 15, '2022-12-21 15:53:32', '2022-12-21 15:53:32'),
(356, 'A', 11, '2022-12-21 15:53:32', '2022-12-21 15:53:32'),
(357, NULL, 12, '2022-12-21 15:53:32', '2022-12-21 15:53:32'),
(358, 'C', 13, '2022-12-21 15:53:32', '2022-12-21 15:53:32'),
(359, NULL, 14, '2022-12-21 15:53:32', '2022-12-21 15:53:32'),
(360, NULL, 15, '2022-12-21 15:53:32', '2022-12-21 15:53:32'),
(361, 'A', 11, '2022-12-21 15:53:32', '2022-12-21 15:53:32'),
(362, NULL, 12, '2022-12-21 15:53:32', '2022-12-21 15:53:32'),
(363, 'C', 13, '2022-12-21 15:53:32', '2022-12-21 15:53:32'),
(364, NULL, 14, '2022-12-21 15:53:32', '2022-12-21 15:53:32'),
(365, NULL, 15, '2022-12-21 15:53:32', '2022-12-21 15:53:32'),
(366, 'A', 11, '2022-12-21 15:53:32', '2022-12-21 15:53:32'),
(367, NULL, 12, '2022-12-21 15:53:32', '2022-12-21 15:53:32'),
(368, 'C', 13, '2022-12-21 15:53:32', '2022-12-21 15:53:32'),
(369, NULL, 14, '2022-12-21 15:53:32', '2022-12-21 15:53:32'),
(370, NULL, 15, '2022-12-21 15:53:32', '2022-12-21 15:53:32'),
(371, 'A', 11, '2022-12-21 15:53:32', '2022-12-21 15:53:32'),
(372, NULL, 12, '2022-12-21 15:53:32', '2022-12-21 15:53:32'),
(373, 'C', 13, '2022-12-21 15:53:32', '2022-12-21 15:53:32'),
(374, NULL, 14, '2022-12-21 15:53:32', '2022-12-21 15:53:32'),
(375, NULL, 15, '2022-12-21 15:53:32', '2022-12-21 15:53:32'),
(376, 'A', 11, '2022-12-21 15:53:32', '2022-12-21 15:53:32'),
(377, NULL, 12, '2022-12-21 15:53:32', '2022-12-21 15:53:32'),
(378, 'C', 13, '2022-12-21 15:53:32', '2022-12-21 15:53:32'),
(379, NULL, 14, '2022-12-21 15:53:32', '2022-12-21 15:53:32'),
(380, NULL, 15, '2022-12-21 15:53:32', '2022-12-21 15:53:32'),
(381, NULL, 11, '2022-12-21 15:53:32', '2022-12-21 15:53:32'),
(382, NULL, 12, '2022-12-21 15:53:32', '2022-12-21 15:53:32'),
(383, 'C', 13, '2022-12-21 15:53:32', '2022-12-21 15:53:32'),
(384, NULL, 14, '2022-12-21 15:53:32', '2022-12-21 15:53:32'),
(385, NULL, 15, '2022-12-21 15:53:32', '2022-12-21 15:53:32'),
(386, NULL, 11, '2022-12-21 15:53:32', '2022-12-21 15:53:32'),
(387, NULL, 12, '2022-12-21 15:53:32', '2022-12-21 15:53:32'),
(388, 'C', 13, '2022-12-21 15:53:32', '2022-12-21 15:53:32'),
(389, NULL, 14, '2022-12-21 15:53:32', '2022-12-21 15:53:32'),
(390, NULL, 15, '2022-12-21 15:53:32', '2022-12-21 15:53:32'),
(391, NULL, 11, '2022-12-21 15:53:32', '2022-12-21 15:53:32'),
(392, NULL, 12, '2022-12-21 15:53:32', '2022-12-21 15:53:32'),
(393, 'C', 13, '2022-12-21 15:53:32', '2022-12-21 15:53:32'),
(394, NULL, 14, '2022-12-21 15:53:32', '2022-12-21 15:53:32'),
(395, NULL, 15, '2022-12-21 15:53:32', '2022-12-21 15:53:32'),
(396, NULL, 11, '2022-12-21 15:53:32', '2022-12-21 15:53:32'),
(397, NULL, 12, '2022-12-21 15:53:32', '2022-12-21 15:53:32'),
(398, 'C', 13, '2022-12-21 15:53:32', '2022-12-21 15:53:32'),
(399, NULL, 14, '2022-12-21 15:53:32', '2022-12-21 15:53:32'),
(400, NULL, 15, '2022-12-21 15:53:32', '2022-12-21 15:53:32'),
(401, NULL, 11, '2022-12-21 15:53:32', '2022-12-21 15:53:32'),
(402, NULL, 12, '2022-12-21 15:53:32', '2022-12-21 15:53:32'),
(403, 'C', 13, '2022-12-21 15:53:32', '2022-12-21 15:53:32'),
(404, NULL, 14, '2022-12-21 15:53:32', '2022-12-21 15:53:32'),
(405, NULL, 15, '2022-12-21 15:53:32', '2022-12-21 15:53:32'),
(406, NULL, 11, '2022-12-21 15:53:32', '2022-12-21 15:53:32'),
(407, NULL, 12, '2022-12-21 15:53:32', '2022-12-21 15:53:32'),
(408, 'C', 13, '2022-12-21 15:53:32', '2022-12-21 15:53:32'),
(409, NULL, 14, '2022-12-21 15:53:32', '2022-12-21 15:53:32'),
(410, NULL, 15, '2022-12-21 15:53:32', '2022-12-21 15:53:32'),
(411, NULL, 11, '2022-12-21 15:53:32', '2022-12-21 15:53:32'),
(412, NULL, 12, '2022-12-21 15:53:32', '2022-12-21 15:53:32'),
(413, 'C', 13, '2022-12-21 15:53:32', '2022-12-21 15:53:32'),
(414, NULL, 14, '2022-12-21 15:53:32', '2022-12-21 15:53:32'),
(415, NULL, 15, '2022-12-21 15:53:32', '2022-12-21 15:53:32'),
(416, NULL, 11, '2022-12-21 15:53:32', '2022-12-21 15:53:32'),
(417, NULL, 12, '2022-12-21 15:53:32', '2022-12-21 15:53:32'),
(418, 'C', 13, '2022-12-21 15:53:32', '2022-12-21 15:53:32'),
(419, NULL, 14, '2022-12-21 15:53:32', '2022-12-21 15:53:32'),
(420, NULL, 15, '2022-12-21 15:53:32', '2022-12-21 15:53:32');

-- --------------------------------------------------------

--
-- Table structure for table `failed_jobs`
--

CREATE TABLE `failed_jobs` (
  `id` bigint(20) UNSIGNED NOT NULL,
  `uuid` varchar(255) COLLATE utf8mb4_unicode_ci NOT NULL,
  `connection` text COLLATE utf8mb4_unicode_ci NOT NULL,
  `queue` text COLLATE utf8mb4_unicode_ci NOT NULL,
  `payload` longtext COLLATE utf8mb4_unicode_ci NOT NULL,
  `exception` longtext COLLATE utf8mb4_unicode_ci NOT NULL,
  `failed_at` timestamp NOT NULL DEFAULT current_timestamp()
) ENGINE=InnoDB DEFAULT CHARSET=utf8mb4 COLLATE=utf8mb4_unicode_ci;

-- --------------------------------------------------------

--
-- Table structure for table `files`
--

CREATE TABLE `files` (
  `id` int(11) NOT NULL,
  `name` varchar(255) DEFAULT NULL,
  `created_at` timestamp NOT NULL DEFAULT current_timestamp(),
  `updated_at` timestamp NOT NULL DEFAULT current_timestamp()
) ENGINE=InnoDB DEFAULT CHARSET=utf8mb4;

--
-- Dumping data for table `files`
--

INSERT INTO `files` (`id`, `name`, `created_at`, `updated_at`) VALUES
(1, '2022_12_21 20_49_04_Task File (1).xlsx', '2022-12-21 15:49:04', '2022-12-21 15:49:04'),
(2, '2022_12_21 20_51_57_Task File (1).xlsx', '2022-12-21 15:51:57', '2022-12-21 15:51:57'),
(3, 'Task File (1).xlsx', '2022-12-21 15:53:31', '2022-12-21 15:53:31');

-- --------------------------------------------------------

--
-- Table structure for table `migrations`
--

CREATE TABLE `migrations` (
  `id` int(10) UNSIGNED NOT NULL,
  `migration` varchar(255) COLLATE utf8mb4_unicode_ci NOT NULL,
  `batch` int(11) NOT NULL
) ENGINE=InnoDB DEFAULT CHARSET=utf8mb4 COLLATE=utf8mb4_unicode_ci;

--
-- Dumping data for table `migrations`
--

INSERT INTO `migrations` (`id`, `migration`, `batch`) VALUES
(1, '2014_10_12_000000_create_users_table', 1),
(2, '2014_10_12_100000_create_password_resets_table', 1),
(3, '2019_08_19_000000_create_failed_jobs_table', 1),
(4, '2019_12_14_000001_create_personal_access_tokens_table', 1);

-- --------------------------------------------------------

--
-- Table structure for table `password_resets`
--

CREATE TABLE `password_resets` (
  `email` varchar(255) COLLATE utf8mb4_unicode_ci NOT NULL,
  `token` varchar(255) COLLATE utf8mb4_unicode_ci NOT NULL,
  `created_at` timestamp NULL DEFAULT NULL
) ENGINE=InnoDB DEFAULT CHARSET=utf8mb4 COLLATE=utf8mb4_unicode_ci;

-- --------------------------------------------------------

--
-- Table structure for table `personal_access_tokens`
--

CREATE TABLE `personal_access_tokens` (
  `id` bigint(20) UNSIGNED NOT NULL,
  `tokenable_type` varchar(255) COLLATE utf8mb4_unicode_ci NOT NULL,
  `tokenable_id` bigint(20) UNSIGNED NOT NULL,
  `name` varchar(255) COLLATE utf8mb4_unicode_ci NOT NULL,
  `token` varchar(64) COLLATE utf8mb4_unicode_ci NOT NULL,
  `abilities` text COLLATE utf8mb4_unicode_ci DEFAULT NULL,
  `last_used_at` timestamp NULL DEFAULT NULL,
  `created_at` timestamp NULL DEFAULT NULL,
  `updated_at` timestamp NULL DEFAULT NULL
) ENGINE=InnoDB DEFAULT CHARSET=utf8mb4 COLLATE=utf8mb4_unicode_ci;

-- --------------------------------------------------------

--
-- Table structure for table `users`
--

CREATE TABLE `users` (
  `id` bigint(20) UNSIGNED NOT NULL,
  `name` varchar(255) COLLATE utf8mb4_unicode_ci NOT NULL,
  `email` varchar(255) COLLATE utf8mb4_unicode_ci NOT NULL,
  `email_verified_at` timestamp NULL DEFAULT NULL,
  `password` varchar(255) COLLATE utf8mb4_unicode_ci NOT NULL,
  `remember_token` varchar(100) COLLATE utf8mb4_unicode_ci DEFAULT NULL,
  `created_at` timestamp NULL DEFAULT NULL,
  `updated_at` timestamp NULL DEFAULT NULL
) ENGINE=InnoDB DEFAULT CHARSET=utf8mb4 COLLATE=utf8mb4_unicode_ci;

--
-- Indexes for dumped tables
--

--
-- Indexes for table `columns`
--
ALTER TABLE `columns`
  ADD PRIMARY KEY (`id`);

--
-- Indexes for table `column_values`
--
ALTER TABLE `column_values`
  ADD PRIMARY KEY (`id`);

--
-- Indexes for table `failed_jobs`
--
ALTER TABLE `failed_jobs`
  ADD PRIMARY KEY (`id`),
  ADD UNIQUE KEY `failed_jobs_uuid_unique` (`uuid`);

--
-- Indexes for table `files`
--
ALTER TABLE `files`
  ADD PRIMARY KEY (`id`);

--
-- Indexes for table `migrations`
--
ALTER TABLE `migrations`
  ADD PRIMARY KEY (`id`);

--
-- Indexes for table `password_resets`
--
ALTER TABLE `password_resets`
  ADD KEY `password_resets_email_index` (`email`);

--
-- Indexes for table `personal_access_tokens`
--
ALTER TABLE `personal_access_tokens`
  ADD PRIMARY KEY (`id`),
  ADD UNIQUE KEY `personal_access_tokens_token_unique` (`token`),
  ADD KEY `personal_access_tokens_tokenable_type_tokenable_id_index` (`tokenable_type`,`tokenable_id`);

--
-- Indexes for table `users`
--
ALTER TABLE `users`
  ADD PRIMARY KEY (`id`),
  ADD UNIQUE KEY `users_email_unique` (`email`);

--
-- AUTO_INCREMENT for dumped tables
--

--
-- AUTO_INCREMENT for table `columns`
--
ALTER TABLE `columns`
  MODIFY `id` int(11) NOT NULL AUTO_INCREMENT, AUTO_INCREMENT=16;

--
-- AUTO_INCREMENT for table `column_values`
--
ALTER TABLE `column_values`
  MODIFY `id` int(11) NOT NULL AUTO_INCREMENT, AUTO_INCREMENT=421;

--
-- AUTO_INCREMENT for table `failed_jobs`
--
ALTER TABLE `failed_jobs`
  MODIFY `id` bigint(20) UNSIGNED NOT NULL AUTO_INCREMENT;

--
-- AUTO_INCREMENT for table `files`
--
ALTER TABLE `files`
  MODIFY `id` int(11) NOT NULL AUTO_INCREMENT, AUTO_INCREMENT=4;

--
-- AUTO_INCREMENT for table `migrations`
--
ALTER TABLE `migrations`
  MODIFY `id` int(10) UNSIGNED NOT NULL AUTO_INCREMENT, AUTO_INCREMENT=5;

--
-- AUTO_INCREMENT for table `personal_access_tokens`
--
ALTER TABLE `personal_access_tokens`
  MODIFY `id` bigint(20) UNSIGNED NOT NULL AUTO_INCREMENT;

--
-- AUTO_INCREMENT for table `users`
--
ALTER TABLE `users`
  MODIFY `id` bigint(20) UNSIGNED NOT NULL AUTO_INCREMENT;
COMMIT;

/*!40101 SET CHARACTER_SET_CLIENT=@OLD_CHARACTER_SET_CLIENT */;
/*!40101 SET CHARACTER_SET_RESULTS=@OLD_CHARACTER_SET_RESULTS */;
/*!40101 SET COLLATION_CONNECTION=@OLD_COLLATION_CONNECTION */;
